<?xml version="1.0" encoding="utf-8"?>
<Atlas><Texture filename="mod_nanachiindicators_icons.tex" />
<Elements>
	<Element name="antlion.tex" u1="0.0" u2="0.2" v2="1.0" v1="0.8" />
	<Element name="bearger.tex" u1="0.2" u2="0.4" v2="1.0" v1="0.8" />
	<Element name="klaus.tex" u1="0.4" u2="0.6" v2="1.0" v1="0.8" />
	<Element name="klaus_sack.tex" u1="0.6" u2="0.8" v2="1.0" v1="0.8" />
	<Element name="critterlab.tex" u1="0.8" u2="1.0" v2="1.0" v1="0.8" />
	<Element name="deerclops.tex" u1="0.0" u2="0.2" v2="0.8" v1="0.6" />
	<Element name="dragonfly.tex" u1="0.2" u2="0.4" v2="0.8" v1="0.6" />
	<Element name="minotaur.tex" u1="0.4" u2="0.6" v2="0.8" v1="0.6" />
	<Element name="moose.tex" u1="0.6" u2="0.8" v2="0.8" v1="0.6" />
	<Element name="stagehand.tex" u1="0.8" u2="1.0" v2="0.8" v1="0.6" />
	<Element name="toadstool.tex" u1="0.0" u2="0.2" v2="0.6" v1="0.4" />
	<Element name="toadstool_cap.tex" u1="0.2" u2="0.4" v2="0.6" v1="0.4" />
	<Element name="chester_bone.tex" u1="0.4" u2="0.6" v2="0.6" v1="0.4" />
	<Element name="ancient_altar.tex" u1="0.6" u2="0.8" v2="0.6" v1="0.4" />
	<Element name="sculpture_bishophead.tex" u1="0.8" u2="1.0" v2="0.6" v1="0.4" />
	<Element name="sculpture_knighthead.tex" u1="0.0" u2="0.2" v2="0.4" v1="0.2" />
	<Element name="sculpture_rooknose.tex" u1="0.2" u2="0.4" v2="0.4" v1="0.2" />
	<Element name="knight.tex" u1="0.4" u2="0.6" v2="0.4" v1="0.2" />
	<Element name="rook.tex" u1="0.4" u2="0.6" v2="0.4" v1="0.2" />
	<Element name="bishop.tex" u1="0.4" u2="0.6" v2="0.4" v1="0.2" />
	<Element name="moonbase.tex" u1="0.6" u2="0.8" v2="0.4" v1="0.2" />
	<Element name="beequeenhive.tex" u1="0.8" u2="1.0" v2="0.4" v1="0.2" />
	<Element name="walrus_camp.tex" u1="0.0" u2="0.2" v2="0.2" v1="0" />
	<Element name="pigking.tex" u1="0.2" u2="0.4" v2="0.2" v1="0" />
</Elements></Atlas>